Message #,Word Counter In Dictionary,# of Occurrences of Word,Spam/Ham (1=spam)
1,564,1,0
1,50,1,0
1,743,1,0
1,1764,1,0
1,1868,1,0
1,85,1,0
1,1816,1,0
1,75,1,0
1,139,1,0
1,777,1,0
1,1277,1,0
1,200,1,0
1,352,1,0
1,45,1,0
1,19,2,0
1,351,1,0
1,1131,1,0
1,1639,1,0
1,513,1,0
2,159,1,0
2,35,5,0
2,97,1,0
2,1481,1,0
2,977,2,0
2,727,1,0
2,294,2,0
2,103,2,0
2,1795,1,0
2,2290,3,0
2,1549,1,0
3,559,1,0
3,127,6,0
3,276,1,0
3,206,1,0
3,118,1,0
3,565,1,0
3,679,1,0
3,1888,1,0
3,977,2,0
3,2007,4,0
3,366,1,0
3,16,1,0
3,1187,1,0
3,297,1,0
3,647,1,0
3,84,1,0
3,1469,1,0
3,1138,1,0
3,1282,1,0
3,602,1,0
3,938,1,0
3,10,2,0
3,1531,1,0
3,671,1,0
3,35,15,0
3,11,1,0
3,452,3,0
3,1081,1,0
3,438,1,0
3,294,4,0
3,1442,1,0
3,1458,1,0
3,1549,4,0
3,2437,1,0
3,889,2,0
3,564,2,0
3,50,1,0
3,97,1,0
3,1544,1,0
3,226,1,0
3,797,1,0
3,56,1,0
3,393,1,0
3,76,2,0
3,19,2,0
3,1783,2,0
3,293,1,0
3,274,1,0
3,2130,1,0
3,1530,1,0
3,68,1,0
3,794,1,0
3,682,1,0
3,2290,2,0
3,1155,2,0
3,863,1,0
3,303,1,0
3,2232,1,0
3,268,1,0
3,1468,2,0
3,69,1,0
3,178,1,0
3,496,2,0
3,1323,1,0
3,404,3,0
3,516,3,0
3,1643,1,0
3,2004,2,0
3,1374,1,0
3,1348,1,0
3,13,1,0
3,799,1,0
3,96,1,0
3,126,2,0
3,1778,1,0
3,1533,1,0
3,390,1,0
3,816,1,0
3,4,1,0
3,265,1,0
3,1118,1,0
3,1484,1,0
3,270,2,0
3,574,3,0
3,242,1,0
4,524,1,0
4,118,1,0
4,2443,3,0
4,2030,1,0
4,1241,1,0
4,410,1,0
4,458,1,0
4,31,1,0
4,35,6,0
4,347,1,0
4,360,3,0
4,422,1,0
4,12,1,0
4,153,1,0
4,823,1,0
4,54,4,0
4,833,1,0
4,70,1,0
4,241,1,0
4,1958,2,0
4,641,1,0
4,2204,1,0
4,147,2,0
4,1124,1,0
4,228,2,0
4,218,1,0
4,69,4,0
4,392,1,0
4,490,2,0
4,721,1,0
4,1818,1,0
4,1465,1,0
4,644,2,0
4,461,1,0
4,487,4,0
4,636,1,0
4,816,1,0
4,160,1,0
5,193,1,0
5,2424,1,0
5,1193,1,0
5,277,2,0
5,103,1,0
5,10,1,0
5,1285,1,0
5,342,1,0
5,48,1,0
5,1056,1,0
5,610,2,0
5,1925,1,0
5,2429,1,0
5,153,1,0
5,649,3,0
5,1009,1,0
5,924,1,0
5,1815,1,0
5,1119,1,0
5,2460,1,0
5,581,1,0
5,278,1,0
5,1862,1,0
5,131,3,0
5,952,1,0
5,1344,1,0
5,301,1,0
5,562,1,0
5,8,1,0
5,810,1,0
6,16,1,0
6,174,1,0
6,663,1,0
6,81,1,0
6,1340,1,0
6,895,1,0
6,345,1,0
6,314,1,0
6,4,1,0
7,2143,2,0
7,538,1,0
7,32,2,0
7,455,6,0
7,1026,1,0
7,1901,1,0
7,785,1,0
7,806,1,0
7,329,2,0
7,609,1,0
7,963,2,0
7,240,2,0
7,27,1,0
7,835,1,0
7,231,1,0
7,2416,1,0
7,109,1,0
7,201,1,0
7,379,1,0
7,1983,1,0
7,980,1,0
7,1035,1,0
7,11,2,0
7,2453,3,0
7,492,2,0
7,1419,1,0
7,341,1,0
7,174,2,0
7,481,3,0
7,106,1,0
7,725,1,0
7,133,1,0
7,513,1,0
7,558,3,0
7,684,1,0
7,908,1,0
7,52,4,0
7,81,2,0
7,657,1,0
7,101,1,0
7,284,2,0
7,371,3,0
7,1190,1,0
7,659,3,0
7,770,2,0
7,2059,2,0
7,1141,1,0
7,570,1,0
7,1110,1,0
7,1485,1,0
7,147,1,0
7,128,1,0
7,333,1,0
7,310,1,0
7,749,1,0
7,1148,1,0
7,2098,1,0
7,1464,1,0
7,594,1,0
7,801,1,0
7,121,3,0
7,1851,1,0
7,1513,1,0
7,494,5,0
7,1752,1,0
7,388,2,0
7,733,1,0
7,1342,1,0
7,38,1,0
7,367,1,0
7,652,1,0
7,296,2,0
7,169,1,0
7,372,1,0
7,171,1,0
8,384,1,0
8,127,1,0
8,743,1,0
8,2258,1,0
8,118,1,0
8,1346,1,0
8,1457,1,0
8,1555,8,0
8,723,1,0
8,1488,1,0
8,324,3,0
8,1673,1,0
8,918,1,0
8,230,1,0
8,109,1,0
8,2149,1,0
8,31,1,0
8,1669,1,0
8,11,1,0
8,347,1,0
8,505,1,0
8,397,2,0
8,174,1,0
8,123,1,0
8,149,2,0
8,203,1,0
8,221,1,0
8,291,1,0
8,12,1,0
8,1213,1,0
8,393,3,0
8,432,1,0
8,45,1,0
8,66,1,0
8,1865,1,0
8,1453,1,0
8,1272,1,0
8,247,1,0
8,2061,1,0
8,519,1,0
8,241,1,0
8,917,1,0
8,793,4,0
8,88,1,0
8,100,1,0
8,222,1,0
8,710,1,0
8,381,1,0
8,1078,1,0
8,135,1,0
8,254,1,0
8,178,1,0
8,223,1,0
8,1949,1,0
8,1479,1,0
8,22,1,0
8,464,1,0
8,826,1,0
8,830,1,0
8,972,1,0
8,653,1,0
8,2248,1,0
8,782,1,0
8,326,1,0
8,1515,1,0
8,47,2,0
8,8,1,0
8,4,1,0
8,568,1,0
8,164,1,0
8,169,1,0
8,1593,1,0
8,698,2,0
9,32,1,0
9,90,1,0
9,2199,1,0
9,620,1,0
9,7,1,0
9,1346,1,0
9,288,1,0
9,1320,1,0
9,1332,1,0
9,44,1,0
9,74,1,0
9,194,1,0
9,103,2,0
9,1787,1,0
9,1035,1,0
9,1182,1,0
9,11,2,0
9,1058,1,0
9,142,1,0
9,295,1,0
9,347,1,0
9,541,1,0
9,29,1,0
9,1303,1,0
9,304,1,0
9,854,1,0
9,1874,1,0
9,312,1,0
9,1077,1,0
9,1300,1,0
9,19,1,0
9,371,1,0
9,1190,1,0
9,469,1,0
9,338,1,0
9,128,1,0
9,25,1,0
9,466,1,0
9,1159,1,0
9,83,1,0
9,40,2,0
9,418,1,0
9,250,1,0
9,749,1,0
9,202,1,0
9,915,1,0
9,124,1,0
9,1325,1,0
9,131,1,0
9,1060,4,0
9,79,1,0
9,864,2,0
9,971,1,0
9,23,1,0
9,2214,5,0
9,603,1,0
10,1677,1,0
10,127,1,0
10,679,3,0
10,386,1,0
10,288,2,0
10,407,1,0
10,72,1,0
10,190,1,0
10,233,4,0
10,182,1,0
10,1224,1,0
10,601,1,0
10,103,2,0
10,1266,1,0
10,266,2,0
10,347,4,0
10,341,3,0
10,929,1,0
10,174,1,0
10,106,1,0
10,275,1,0
10,203,1,0
10,210,1,0
10,1874,1,0
10,429,1,0
10,1174,1,0
10,60,1,0
10,1077,1,0
10,56,1,0
10,66,1,0
10,204,1,0
10,2,1,0
10,548,2,0
10,222,1,0
10,147,3,0
10,303,1,0
10,192,1,0
10,590,1,0
10,236,3,0
10,895,1,0
10,135,2,0
10,224,1,0
10,131,1,0
10,122,1,0
10,617,1,0
10,952,1,0
10,46,2,0
10,1891,1,0
10,159,1,0
10,694,1,0
10,486,1,0
10,4,9,0
10,832,2,0
10,619,4,0
11,276,1,0
11,787,1,0
11,182,1,0
11,2376,1,0
11,536,1,0
11,602,1,0
11,671,1,0
11,1181,1,0
11,29,2,0
11,691,1,0
11,247,1,0
11,306,1,0
11,489,1,0
11,469,1,0
11,567,1,0
11,128,1,0
11,661,1,0
11,662,1,0
11,1157,1,0
11,1060,1,0
11,23,1,0
11,2214,1,0
11,85,1,0
11,176,1,0
11,38,1,0
11,4,1,0
11,498,1,0
12,200,1,0
12,2172,1,0
12,103,1,0
12,174,1,0
12,106,1,0
12,197,1,0
12,708,1,0
12,1159,1,0
12,14,1,0
12,191,1,0
12,1690,1,0
12,46,1,0
12,38,1,0
12,4,1,0
13,63,1,0
13,1125,1,0
13,1235,1,0
13,512,1,0
13,277,1,0
13,103,2,0
13,2237,1,0
13,347,1,0
13,275,1,0
13,663,1,0
13,50,1,0
13,291,1,0
13,2429,1,0
13,1874,1,0
13,2464,1,0
13,2119,1,0
13,402,1,0
13,575,1,0
13,305,1,0
13,236,1,0
13,758,1,0
13,594,1,0
13,46,2,0
13,2372,1,0
13,2214,1,0
13,951,1,0
13,1034,1,0
13,326,1,0
13,1622,1,0
13,4,3,0
14,276,1,0
14,680,1,0
14,723,1,0
14,1193,1,0
14,103,1,0
14,753,2,0
14,1550,1,0
14,827,1,0
14,208,1,0
14,347,1,0
14,203,1,0
14,64,1,0
14,1538,1,0
14,52,1,0
14,204,1,0
14,911,1,0
14,100,1,0
14,128,2,0
14,2382,1,0
14,426,1,0
14,1563,1,0
15,2042,1,0
15,127,1,0
15,63,1,0
15,1540,1,0
15,428,1,0
15,620,1,0
15,7,3,0
15,288,1,0
15,723,1,0
15,532,1,0
15,1352,1,0
15,767,2,0
15,74,1,0
15,240,1,0
15,182,1,0
15,194,2,0
15,299,1,0
15,231,1,0
15,163,2,0
15,109,3,0
15,103,1,0
15,1697,1,0
15,1212,1,0
15,151,1,0
15,753,1,0
15,11,2,0
15,511,1,0
15,1883,1,0
15,107,1,0
15,360,1,0
15,397,1,0
15,1618,1,0
15,769,2,0
15,2444,1,0
15,275,2,0
15,983,1,0
15,663,1,0
15,29,1,0
15,1525,1,0
15,350,1,0
15,197,1,0
15,2431,1,0
15,1208,1,0
15,969,1,0
15,12,1,0
15,81,2,0
15,52,5,0
15,797,1,0
15,530,1,0
15,101,1,0
15,45,2,0
15,507,1,0
15,260,1,0
15,903,1,0
15,910,1,0
15,204,1,0
15,1190,1,0
15,346,1,0
15,17,1,0
15,469,1,0
15,2425,1,0
15,814,1,0
15,327,1,0
15,575,1,0
15,1246,1,0
15,1281,1,0
15,732,2,0
15,128,7,0
15,286,1,0
15,156,1,0
15,40,1,0
15,280,1,0
15,303,1,0
15,749,2,0
15,236,1,0
15,848,2,0
15,856,1,0
15,268,1,0
15,184,1,0
15,112,1,0
15,191,1,0
15,1131,1,0
15,1517,1,0
15,271,1,0
15,104,1,0
15,53,1,0
15,412,1,0
15,1070,4,0
15,245,1,0
15,2032,1,0
15,121,1,0
15,154,1,0
15,952,1,0
15,754,1,0
15,46,2,0
15,1203,1,0
15,2480,1,0
15,96,1,0
15,925,1,0
15,782,1,0
15,518,1,0
15,326,3,0
15,51,1,0
15,146,1,0
15,425,1,0
15,1099,1,0
15,38,1,0
15,265,1,0
15,736,2,0
15,1791,1,0
16,386,1,0
16,200,1,0
16,16,1,0
16,182,2,0
16,313,1,0
16,1545,1,0
16,492,2,0
16,1096,1,0
16,657,1,0
16,409,1,0
16,45,2,0
16,2447,1,0
16,1641,1,0
16,1121,1,0
16,487,1,0
16,96,1,0
16,388,2,0
16,8,1,0
16,367,2,0
16,4,1,0
17,2143,1,0
17,1769,1,0
17,127,3,0
17,660,2,0
17,2180,4,0
17,206,1,0
17,680,1,0
17,831,1,0
17,193,1,0
17,407,1,0
17,200,1,0
17,821,1,0
17,609,1,0
17,240,1,0
17,233,1,0
17,182,7,0
17,919,1,0
17,299,1,0
17,1564,1,0
17,313,1,0
17,109,1,0
17,922,1,0
17,2211,2,0
17,980,1,0
17,843,1,0
17,11,1,0
17,1350,1,0
17,1826,2,0
17,492,1,0
17,78,1,0
17,48,2,0
17,1096,1,0
17,889,1,0
17,210,5,0
17,731,1,0
17,908,1,0
17,431,1,0
17,337,1,0
17,56,2,0
17,54,1,0
17,1030,1,0
17,371,1,0
17,67,1,0
17,519,3,0
17,1079,1,0
17,139,1,0
17,402,1,0
17,907,2,0
17,1792,2,0
17,2261,1,0
17,1816,1,0
17,218,1,0
17,2142,1,0
17,596,1,0
17,687,2,0
17,2098,1,0
17,1629,2,0
17,412,1,0
17,962,1,0
17,756,2,0
17,1060,1,0
17,954,1,0
17,282,1,0
17,267,1,0
17,617,1,0
17,154,1,0
17,2483,1,0
17,46,1,0
17,352,1,0
17,23,1,0
17,2480,3,0
17,972,1,0
17,473,1,0
17,694,1,0
17,636,1,0
17,85,3,0
17,1824,1,0
17,38,1,0
17,1943,3,0
17,196,3,0
18,179,1,0
18,103,2,0
18,11,1,0
18,347,1,0
18,394,1,0
18,48,1,0
18,1525,1,0
18,592,1,0
18,908,1,0
18,229,1,0
18,1041,1,0
18,708,1,0
18,286,1,0
18,749,1,0
18,236,3,0
18,249,1,0
18,112,1,0
18,319,2,0
18,1509,1,0
18,496,1,0
18,140,1,0
18,121,1,0
18,985,1,0
18,6,1,0
18,185,1,0
18,1037,1,0
18,4,1,0
18,296,1,0
18,1379,1,0
19,200,1,0
19,2061,1,0
19,139,1,0
19,1195,1,0
19,1412,1,0
19,28,1,0
19,758,1,0
19,895,1,0
19,13,2,0
20,428,1,0
20,200,1,0
20,534,1,0
20,115,1,0
20,107,1,0
20,360,1,0
20,1549,1,0
20,50,2,0
20,64,4,0
20,52,1,0
20,45,2,0
20,346,1,0
20,129,1,0
20,1412,1,0
20,856,1,0
20,112,1,0
20,53,1,0
20,754,1,0
20,23,1,0
20,13,2,0
20,1486,1,0
20,1017,1,0
21,391,1,0
21,621,1,0
21,1346,2,0
21,193,1,0
21,200,1,0
21,580,1,0
21,843,1,0
21,2154,1,0
21,29,1,0
21,50,2,0
21,221,1,0
21,19,3,0
21,1962,1,0
21,917,1,0
21,353,1,0
21,1337,1,0
21,268,1,0
21,135,1,0
21,1060,2,0
21,46,2,0
21,2214,3,0
21,1418,1,0
21,569,1,0
21,1542,1,0
22,685,1,0
22,63,2,0
22,455,4,0
22,2131,2,0
22,798,1,0
22,2164,2,0
22,243,1,0
22,2433,1,0
22,11,1,0
22,475,1,0
22,2423,1,0
22,106,1,0
22,123,1,0
22,50,1,0
22,221,1,0
22,1194,1,0
22,1994,1,0
22,76,1,0
22,2167,1,0
22,70,1,0
22,17,1,0
22,28,1,0
22,992,1,0
22,120,1,0
22,1210,1,0
22,618,1,0
22,236,1,0
22,706,1,0
22,172,1,0
22,178,3,0
22,150,1,0
22,79,1,0
22,154,1,0
22,364,1,0
22,9,2,0
22,716,1,0
22,209,2,0
22,2411,1,0
22,196,1,0
23,391,1,0
23,127,1,0
23,63,1,0
23,288,1,0
23,200,1,0
23,1167,1,0
23,2108,3,0
23,879,1,0
23,11,1,0
23,1081,1,0
23,106,1,0
23,214,1,0
23,275,1,0
23,29,2,0
23,50,2,0
23,101,1,0
23,1002,1,0
23,503,2,0
23,139,1,0
23,2072,1,0
23,944,5,0
23,1412,1,0
23,120,1,0
23,40,2,0
23,895,1,0
23,1503,1,0
23,1349,1,0
23,178,1,0
23,1916,1,0
23,154,1,0
23,461,1,0
23,176,1,0
23,169,1,0
23,698,4,0
24,329,1,0
24,27,1,0
24,536,1,0
24,462,2,0
24,10,1,0
24,901,1,0
24,35,1,0
24,342,1,0
24,774,1,0
24,1340,1,0
24,186,1,0
24,662,1,0
24,75,1,0
24,224,1,0
24,121,1,0
24,951,1,0
24,2263,1,0
24,425,1,0
24,608,4,0
24,705,1,0
25,559,1,0
25,32,4,0
25,276,1,0
25,71,1,0
25,565,1,0
25,1346,4,0
25,767,1,0
25,16,1,0
25,1193,1,0
25,1224,1,0
25,451,1,0
25,846,2,0
25,849,21,0
25,11,3,0
25,2067,1,0
25,511,1,0
25,695,1,0
25,2271,1,0
25,728,2,0
25,2161,1,0
25,2154,1,0
25,1303,1,0
25,378,1,0
25,889,1,0
25,350,1,0
25,1654,1,0
25,572,2,0
25,114,1,0
25,429,1,0
25,15,2,0
25,431,1,0
25,337,1,0
25,648,1,0
25,73,3,0
25,982,3,0
25,67,2,0
25,812,1,0
25,198,1,0
25,1472,1,0
25,917,1,0
25,1059,1,0
25,495,1,0
25,548,1,0
25,939,1,0
25,1080,1,0
25,1792,2,0
25,418,1,0
25,273,1,0
25,933,2,0
25,218,1,0
25,348,1,0
25,1177,1,0
25,1189,1,0
25,145,1,0
25,178,2,0
25,140,1,0
25,1876,1,0
25,104,1,0
25,1900,2,0
25,131,1,0
25,1479,1,0
25,502,2,0
25,154,2,0
25,1916,1,0
25,830,1,0
25,971,2,0
25,754,1,0
25,23,5,0
25,364,2,0
25,747,1,0
25,486,2,0
25,555,1,0
25,976,1,0
25,686,1,0
25,21,1,0
25,679,1,0
25,680,1,0
25,288,2,0
25,119,1,0
25,74,1,0
25,240,1,0
25,1755,1,0
25,230,1,0
25,299,1,0
25,115,1,0
25,447,1,0
25,103,1,0
25,201,1,0
25,1607,1,0
25,379,1,0
25,152,3,0
25,342,1,0
25,579,2,0
25,1894,1,0
25,107,2,0
25,701,1,0
25,214,2,0
25,1799,2,0
25,422,1,0
25,953,1,0
25,563,2,0
25,64,2,0
25,97,1,0
25,731,1,0
25,688,7,0
25,657,2,0
25,45,2,0
25,229,3,0
25,910,1,0
25,693,1,0
25,1534,1,0
25,2047,1,0
25,338,1,0
25,300,1,0
25,25,1,0
25,484,1,0
25,1036,2,0
25,1265,1,0
25,1385,1,0
25,1365,1,0
25,2347,2,0
25,328,1,0
25,1906,1,0
25,1403,1,0
25,562,2,0
25,694,2,0
25,436,1,0
25,36,1,0
25,518,2,0
25,472,1,0
25,362,1,0
25,652,1,0
25,317,1,0
25,296,1,0
25,265,1,0
25,2102,1,0
25,384,1,0
25,398,1,0
25,836,1,0
25,2034,1,0
25,2174,1,0
25,955,1,0
25,407,5,0
25,200,1,0
25,1026,3,0
25,329,19,0
25,27,1,0
25,2279,1,0
25,667,1,0
25,2331,1,0
25,95,1,0
25,400,1,0
25,919,2,0
25,601,1,0
25,2108,1,0
25,109,2,0
25,243,1,0
25,1011,1,0
25,151,1,0
25,529,3,0
25,343,2,0
25,2147,1,0
25,78,1,0
25,106,4,0
25,1181,1,0
25,983,3,0
25,275,2,0
25,157,1,0
25,65,2,0
25,515,1,0
25,138,1,0
25,81,2,0
25,908,1,0
25,1067,1,0
25,371,4,0
25,204,2,0
25,1079,1,0
25,346,6,0
25,1412,1,0
25,1210,1,0
25,895,1,0
25,749,1,0
25,268,1,0
25,856,1,0
25,112,1,0
25,915,1,0
25,319,2,0
25,224,1,0
25,187,1,0
25,646,1,0
25,79,1,0
25,352,1,0
25,126,1,0
25,426,1,0
25,542,2,0
25,369,5,0
25,1435,2,0
25,2421,1,0
25,209,1,0
25,1417,1,0
25,1118,1,0
25,428,1,0
25,7,2,0
25,80,1,0
25,26,1,0
25,457,1,0
25,696,1,0
25,2497,1,0
25,1830,19,0
25,843,2,0
25,671,1,0
25,1182,1,0
25,1447,1,0
25,167,2,0
25,360,1,0
25,610,1,0
25,592,1,0
25,50,2,0
25,304,1,0
25,1076,3,0
25,482,1,0
25,66,1,0
25,293,1,0
25,1611,1,0
25,1326,1,0
25,322,1,0
25,682,1,0
25,1895,1,0
25,141,1,0
25,2409,1,0
25,30,1,0
25,909,1,0
25,1485,1,0
25,979,1,0
25,128,1,0
25,466,2,0
25,310,1,0
25,303,3,0
25,192,1,0
25,250,1,0
25,421,1,0
25,687,1,0
25,1323,1,0
25,53,1,0
25,1465,1,0
25,703,3,0
25,1437,1,0
25,318,2,0
25,1729,1,0
25,13,1,0
25,2480,1,0
25,951,1,0
25,332,1,0
25,2380,1,0
25,38,7,0
25,1217,1,0
25,4,2,0
26,21,1,1
26,165,1,1
26,1284,1,1
26,7,2,1
26,26,1,1
26,227,1,1
26,2157,1,1
26,80,3,1
26,2,1,1
26,520,1,1
26,435,1,1
26,144,1,1
26,16,1,1
26,55,1,1
26,410,2,1
26,128,1,1
26,1864,1,1
26,74,1,1
26,156,1,1
26,108,1,1
26,230,2,1
26,218,1,1
26,115,1,1
26,14,1,1
26,377,1,1
26,69,1,1
26,319,1,1
26,633,1,1
26,922,1,1
26,151,1,1
26,858,1,1
26,1366,2,1
26,150,4,1
26,343,1,1
26,1984,2,1
26,468,1,1
26,1024,3,1
26,239,1,1
26,287,1,1
26,48,1,1
26,22,1,1
26,13,1,1
26,355,1,1
26,6,1,1
26,159,3,1
26,2284,1,1
26,36,1,1
26,1584,1,1
26,183,1,1
26,213,1,1
26,94,1,1
26,114,1,1
26,816,1,1
26,9,3,1
26,41,3,1
26,302,1,1
26,411,1,1
26,37,1,1
26,62,2,1
27,836,1,1
27,63,1,1
27,90,2,1
27,977,1,1
27,336,1,1
27,1867,1,1
27,162,1,1
27,522,1,1
27,1125,1,1
27,246,1,1
27,74,1,1
27,95,1,1
27,194,1,1
27,1866,1,1
27,115,3,1
27,1372,1,1
27,722,1,1
27,343,1,1
27,152,1,1
27,1139,3,1
27,142,1,1
27,1290,2,1
27,1222,1,1
27,91,1,1
27,1132,1,1
27,701,1,1
27,769,1,1
27,508,1,1
27,931,1,1
27,133,1,1
27,1303,1,1
27,12,1,1
27,312,1,1
27,1328,1,1
27,56,2,1
27,73,1,1
27,260,1,1
27,656,1,1
27,470,1,1
27,165,1,1
27,1573,1,1
27,68,1,1
27,1063,1,1
27,2,1,1
27,401,1,1
27,353,1,1
27,186,1,1
27,156,1,1
27,83,1,1
27,596,1,1
27,49,1,1
27,24,1,1
27,678,1,1
27,516,1,1
27,646,1,1
27,1038,1,1
27,1713,1,1
27,962,1,1
27,446,1,1
27,79,1,1
27,281,5,1
27,639,1,1
27,352,2,1
27,46,2,1
27,23,2,1
27,6,1,1
27,1377,1,1
27,951,1,1
27,950,3,1
27,85,1,1
27,577,1,1
27,497,1,1
27,9,1,1
27,425,1,1
27,367,1,1
27,37,1,1
27,539,2,1
27,1029,1,1
27,270,1,1
27,242,1,1
28,21,1,1
28,71,2,1
28,26,1,1
28,27,1,1
28,533,1,1
28,108,1,1
28,2076,4,1
28,2315,1,1
28,91,1,1
28,991,2,1
28,558,1,1
28,337,1,1
28,198,2,1
28,1495,1,1
28,129,1,1
28,17,1,1
28,1276,1,1
28,30,1,1
28,654,1,1
28,1412,1,1
28,25,1,1
28,40,3,1
28,970,1,1
28,1730,1,1
28,6,1,1
28,2488,1,1
28,85,1,1
28,1015,1,1
28,1288,1,1
29,127,4,1
29,32,6,1
29,90,4,1
29,206,2,1
29,71,3,1
29,942,1,1
29,891,1,1
29,44,2,1
29,587,1,1
29,27,2,1
29,741,1,1
29,57,4,1
29,463,8,1
29,20,7,1
29,151,1,1
29,89,6,1
29,849,1,1
29,11,1,1
29,2489,1,1
29,287,1,1
29,1421,1,1
29,1019,4,1
29,441,1,1
29,665,1,1
29,93,1,1
29,157,2,1
29,325,1,1
29,65,1,1
29,197,1,1
29,291,1,1
29,853,1,1
29,114,1,1
29,211,3,1
29,60,2,1
29,527,1,1
29,1201,2,1
29,73,1,1
29,459,1,1
29,86,3,1
29,311,1,1
29,62,2,1
29,2170,1,1
29,1495,1,1
29,389,1,1
29,911,3,1
29,2,12,1
29,2192,1,1
29,110,2,1
29,913,1,1
29,1864,1,1
29,2086,4,1
29,228,1,1
29,933,1,1
29,168,3,1
29,184,1,1
29,14,6,1
29,69,4,1
29,819,1,1
29,172,2,1
29,24,3,1
29,104,2,1
29,1876,2,1
29,234,1,1
29,1135,1,1
29,754,1,1
29,1006,1,1
29,23,1,1
29,1528,1,1
29,355,2,1
29,238,1,1
29,159,1,1
29,636,1,1
29,577,2,1
29,486,1,1
29,1563,1,1
29,1003,3,1
29,2243,1,1
29,37,1,1
29,256,1,1
29,686,2,1
29,5,4,1
29,63,1,1
29,80,1,1
29,26,1,1
29,119,3,1
29,521,2,1
29,162,1,1
29,72,1,1
29,255,1,1
29,790,2,1
29,74,1,1
29,1168,1,1
29,61,4,1
29,115,1,1
29,1001,1,1
29,1489,1,1
29,10,3,1
29,113,4,1
29,152,2,1
29,189,1,1
29,142,1,1
29,207,1,1
29,579,1,1
29,360,1,1
29,1132,1,1
29,87,1,1
29,97,3,1
29,12,3,1
29,765,1,1
29,897,1,1
29,510,1,1
29,530,1,1
29,56,1,1
29,229,1,1
29,449,1,1
29,405,1,1
29,19,1,1
29,365,1,1
29,274,2,1
29,237,2,1
29,503,3,1
29,70,4,1
29,315,2,1
29,1,15,1
29,116,7,1
29,909,2,1
29,300,1,1
29,965,1,1
29,616,1,1
29,28,6,1
29,883,2,1
29,40,1,1
29,484,1,1
29,928,1,1
29,59,1,1
29,421,3,1
29,623,1,1
29,130,6,1
29,245,1,1
29,122,5,1
29,22,2,1
29,318,1,1
29,1064,1,1
29,13,3,1
29,6,11,1
29,185,1,1
29,36,3,1
29,3,6,1
29,332,1,1
29,94,5,1
29,597,1,1
29,9,2,1
29,1686,1,1
29,38,1,1
29,296,1,1
29,317,1,1
29,411,3,1
29,196,1,1
29,242,1,1
30,398,1,1
30,892,1,1
30,1677,1,1
30,32,3,1
30,118,1,1
30,71,1,1
30,959,1,1
30,2206,1,1
30,850,4,1
30,16,1,1
30,2106,1,1
30,525,1,1
30,2338,2,1
30,55,4,1
30,27,2,1
30,161,2,1
30,190,1,1
30,1833,2,1
30,259,1,1
30,298,2,1
30,95,2,1
30,20,3,1
30,243,1,1
30,2017,6,1
30,722,2,1
30,31,5,1
30,1669,4,1
30,11,4,1
30,287,1,1
30,78,1,1
30,1927,1,1
30,93,1,1
30,1207,2,1
30,2450,5,1
30,675,2,1
30,1233,1,1
30,138,1,1
30,15,1,1
30,60,1,1
30,1328,1,1
30,73,2,1
30,101,1,1
30,311,1,1
30,823,3,1
30,903,1,1
30,371,1,1
30,67,1,1
30,165,1,1
30,289,2,1
30,129,5,1
30,2,3,1
30,17,6,1
30,327,3,1
30,845,1,1
30,2192,1,1
30,186,2,1
30,110,5,1
30,2238,3,1
30,228,1,1
30,590,1,1
30,168,4,1
30,2468,3,1
30,14,3,1
30,69,5,1
30,191,1,1
30,145,2,1
30,49,2,1
30,1297,3,1
30,224,1,1
30,187,1,1
30,2052,1,1
30,223,1,1
30,181,1,1
30,2057,6,1
30,282,1,1
30,1359,2,1
30,801,1,1
30,974,3,1
30,262,17,1
30,1420,2,1
30,23,3,1
30,2088,1,1
30,126,3,1
30,159,1,1
30,238,6,1
30,2490,2,1
30,426,1,1
30,636,1,1
30,369,1,1
30,1563,1,1
30,253,2,1
30,160,1,1
30,509,1,1
30,555,1,1
30,1133,2,1
30,209,1,1
30,37,5,1
30,1288,1,1
30,1842,3,1
30,621,2,1
30,21,1,1
30,554,1,1
30,428,2,1
30,7,6,1
30,1602,1,1
30,336,7,1
30,119,2,1
30,521,2,1
30,1332,1,1
30,244,5,1
30,72,1,1
30,162,1,1
30,821,3,1
30,179,1,1
30,780,1,1
30,880,3,1
30,383,11,1
30,2438,1,1
30,351,3,1
30,2066,1,1
30,74,2,1
30,246,1,1
30,999,1,1
30,2227,1,1
30,488,1,1
30,277,2,1
30,1001,1,1
30,1212,1,1
30,938,2,1
30,1338,1,1
30,189,2,1
30,1529,1,1
30,1350,1,1
30,1081,1,1
30,91,1,1
30,266,1,1
30,579,2,1
30,360,3,1
30,87,7,1
30,481,4,1
30,508,1,1
30,50,1,1
30,476,2,1
30,12,1,1
30,406,1,1
30,41,1,1
30,1626,1,1
30,52,1,1
30,765,1,1
30,949,1,1
30,173,1,1
30,56,4,1
30,229,2,1
30,2276,1,1
30,449,1,1
30,507,6,1
30,405,1,1
30,658,3,1
30,237,10,1
30,503,3,1
30,70,7,1
30,309,5,1
30,188,1,1
30,68,2,1
30,638,1,1
30,1,10,1
30,30,3,1
30,946,3,1
30,300,2,1
30,128,2,1
30,25,5,1
30,252,1,1
30,1005,1,1
30,28,1,1
30,310,1,1
30,83,1,1
30,1471,1,1
30,59,1,1
30,2065,1,1
30,623,2,1
30,678,2,1
30,2498,1,1
30,1070,5,1
30,2336,4,1
30,864,1,1
30,13,2,1
30,105,2,1
30,301,1,1
30,1051,1,1
30,6,10,1
30,36,1,1
30,3,15,1
30,597,1,1
30,94,5,1
30,9,4,1
30,38,1,1
30,362,1,1
30,568,1,1
30,317,2,1
30,745,1,1
30,705,3,1
31,90,1,1
31,71,1,1
31,18,2,1
31,44,1,1
31,557,1,1
31,11,2,1
31,934,1,1
31,1244,1,1
31,93,1,1
31,769,1,1
31,378,1,1
31,261,1,1
31,15,2,1
31,519,2,1
31,17,1,1
31,771,1,1
31,708,1,1
31,110,1,1
31,249,1,1
31,168,1,1
31,345,1,1
31,2458,1,1
31,234,1,1
31,344,1,1
31,96,2,1
31,479,2,1
31,950,1,1
31,486,1,1
31,651,1,1
31,2283,1,1
31,209,1,1
31,63,1,1
31,7,1,1
31,227,1,1
31,26,1,1
31,180,3,1
31,162,1,1
31,115,1,1
31,103,1,1
31,1401,1,1
31,142,1,1
31,91,3,1
31,50,1,1
31,97,4,1
31,41,1,1
31,19,2,1
31,54,1,1
31,25,2,1
31,128,1,1
31,1005,1,1
31,286,1,1
31,589,1,1
31,59,1,1
31,1115,1,1
31,278,1,1
31,1407,1,1
31,122,1,1
31,281,1,1
31,461,1,1
31,3,1,1
31,809,4,1
31,1103,1,1
31,317,2,1
31,34,2,1
31,493,1,1
32,2174,1,1
32,102,2,1
32,937,4,1
32,125,1,1
32,730,1,1
32,55,1,1
32,27,1,1
32,190,1,1
32,233,2,1
32,714,1,1
32,20,2,1
32,231,3,1
32,109,1,1
32,1806,1,1
32,611,1,1
32,148,4,1
32,849,1,1
32,11,1,1
32,475,1,1
32,978,1,1
32,93,1,1
32,764,1,1
32,106,1,1
32,275,1,1
32,65,1,1
32,1909,1,1
32,291,2,1
32,138,2,1
32,1162,1,1
32,211,4,1
32,15,8,1
32,81,1,1
32,1500,1,1
32,459,4,1
32,73,2,1
32,1870,2,1
32,76,2,1
32,62,4,1
32,1158,1,1
32,67,5,1
32,2308,2,1
32,139,1,1
32,825,1,1
32,2,1,1
32,911,1,1
32,585,1,1
32,17,2,1
32,435,2,1
32,1154,1,1
32,1995,13,1
32,1601,1,1
32,1954,3,1
32,14,1,1
32,135,1,1
32,112,1,1
32,172,1,1
32,145,2,1
32,24,2,1
32,224,3,1
32,104,2,1
32,234,1,1
32,2060,1,1
32,121,2,1
32,1635,2,1
32,952,1,1
32,2100,1,1
32,344,1,1
32,1722,1,1
32,2163,1,1
32,23,1,1
32,159,1,1
32,238,2,1
32,426,1,1
32,251,2,1
32,2259,2,1
32,1563,1,1
32,253,2,1
32,1037,1,1
32,209,3,1
32,1000,1,1
32,37,2,1
32,810,1,1
32,43,1,1
32,5,5,1
32,455,2,1
32,7,17,1
32,26,1,1
32,600,1,1
32,193,1,1
32,336,1,1
32,460,1,1
32,723,1,1
32,72,1,1
32,696,1,1
32,74,2,1
32,1334,1,1
32,108,7,1
32,92,1,1
32,201,4,1
32,232,1,1
32,113,4,1
32,1209,2,1
32,152,2,1
32,207,1,1
32,142,1,1
32,862,1,1
32,1883,1,1
32,670,1,1
32,541,1,1
32,625,1,1
32,41,1,1
32,52,7,1
32,784,1,1
32,510,1,1
32,897,7,1
32,19,4,1
32,449,13,1
32,866,1,1
32,54,3,1
32,2223,1,1
32,70,3,1
32,188,2,1
32,682,1,1
32,1,1,1
32,136,11,1
32,141,1,1
32,128,1,1
32,1439,1,1
32,25,1,1
32,120,1,1
32,40,1,1
32,490,1,1
32,1256,1,1
32,53,7,1
32,245,1,1
32,22,1,1
32,46,1,1
32,318,1,1
32,399,1,1
32,13,1,1
32,301,3,1
32,6,1,1
32,3,4,1
32,332,1,1
32,9,4,1
32,296,1,1
32,1062,1,1
32,265,2,1
32,528,1,1
32,171,1,1
33,127,4,1
33,32,6,1
33,90,4,1
33,206,2,1
33,71,3,1
33,942,1,1
33,891,1,1
33,44,2,1
33,587,1,1
33,27,2,1
33,741,1,1
33,57,4,1
33,463,8,1
33,20,7,1
33,151,1,1
33,89,6,1
33,849,1,1
33,11,1,1
33,2489,1,1
33,287,1,1
33,1421,1,1
33,1019,4,1
33,441,1,1
33,665,1,1
33,93,1,1
33,157,2,1
33,325,1,1
33,65,1,1
33,197,1,1
33,291,1,1
33,853,1,1
33,114,1,1
33,211,3,1
33,60,2,1
33,527,1,1
33,1201,2,1
33,73,1,1
33,459,1,1
33,86,3,1
33,311,1,1
33,62,2,1
33,2170,1,1
33,389,1,1
33,911,3,1
33,2,12,1
33,2192,1,1
33,110,2,1
33,913,1,1
33,1864,1,1
33,2086,4,1
33,228,1,1
33,933,1,1
33,168,3,1
33,184,1,1
33,14,6,1
33,69,4,1
33,819,1,1
33,172,2,1
33,24,3,1
33,104,2,1
33,1876,2,1
33,234,1,1
33,1135,1,1
33,754,1,1
33,1006,1,1
33,23,1,1
33,1528,1,1
33,355,2,1
33,238,1,1
33,159,1,1
33,636,1,1
33,577,2,1
33,486,1,1
33,1563,1,1
33,1003,3,1
33,2243,1,1
33,37,1,1
33,256,1,1
33,686,2,1
33,5,4,1
33,63,1,1
33,80,1,1
33,26,1,1
33,119,3,1
33,521,2,1
33,162,1,1
33,72,1,1
33,255,1,1
33,74,1,1
33,790,2,1
33,61,4,1
33,1168,1,1
33,115,1,1
33,1001,1,1
33,1489,1,1
33,10,3,1
33,113,4,1
33,152,2,1
33,189,1,1
33,207,1,1
33,142,1,1
33,579,1,1
33,360,1,1
33,87,1,1
33,1132,1,1
33,97,3,1
33,12,3,1
33,765,1,1
33,897,1,1
33,510,1,1
33,56,1,1
33,530,1,1
33,229,1,1
33,449,1,1
33,405,1,1
33,19,1,1
33,365,1,1
33,274,2,1
33,237,2,1
33,503,3,1
33,70,4,1
33,315,2,1
33,1,15,1
33,116,7,1
33,909,2,1
33,616,1,1
33,965,1,1
33,300,1,1
33,883,2,1
33,28,6,1
33,40,1,1
33,484,1,1
33,928,1,1
33,59,1,1
33,421,3,1
33,623,1,1
33,130,6,1
33,245,1,1
33,122,5,1
33,22,2,1
33,318,1,1
33,1064,1,1
33,13,3,1
33,6,11,1
33,185,1,1
33,3,6,1
33,36,3,1
33,597,1,1
33,94,5,1
33,332,1,1
33,9,2,1
33,1686,1,1
33,38,1,1
33,317,1,1
33,296,1,1
33,411,3,1
33,196,1,1
33,242,1,1
34,20,2,1
34,275,1,1
34,1909,1,1
34,15,2,1
34,129,1,1
34,202,1,1
34,224,1,1
34,234,1,1
34,21,1,1
34,162,1,1
34,74,1,1
34,690,1,1
34,61,2,1
34,266,1,1
34,91,1,1
34,77,5,1
34,2284,1,1
34,12,1,1
34,19,2,1
34,54,1,1
34,315,1,1
34,1,1,1
34,300,1,1
34,51,1,1
34,2102,1,1
35,71,1,1
35,18,2,1
35,27,1,1
35,454,1,1
35,888,1,1
35,932,1,1
35,15,1,1
35,327,3,1
35,760,1,1
35,168,1,1
35,1259,1,1
35,145,1,1
35,1252,1,1
35,37,2,1
35,33,2,1
35,21,2,1
35,1794,1,1
35,1122,1,1
35,423,1,1
35,1183,1,1
35,1022,1,1
35,39,2,1
35,1640,1,1
35,267,1,1
35,143,2,1
35,864,1,1
35,1100,1,1
35,34,2,1
36,32,1,1
36,90,2,1
36,2400,1,1
36,71,1,1
36,118,1,1
36,206,1,1
36,102,1,1
36,959,1,1
36,2043,1,1
36,331,1,1
36,200,1,1
36,376,1,1
36,767,1,1
36,16,6,1
36,329,1,1
36,44,1,1
36,1125,2,1
36,27,1,1
36,667,1,1
36,190,1,1
36,233,1,1
36,463,1,1
36,95,1,1
36,57,3,1
36,194,3,1
36,20,13,1
36,163,1,1
36,1310,1,1
36,243,2,1
36,109,3,1
36,1250,1,1
36,846,2,1
36,697,1,1
36,11,10,1
36,468,1,1
36,1689,1,1
36,2307,1,1
36,441,1,1
36,665,1,1
36,413,1,1
36,1184,1,1
36,157,2,1
36,65,4,1
36,378,1,1
36,889,3,1
36,572,1,1
36,935,1,1
36,350,1,1
36,197,2,1
36,203,1,1
36,199,1,1
36,226,1,1
36,58,1,1
36,2156,1,1
36,153,7,1
36,81,1,1
36,431,1,1
36,60,1,1
36,861,1,1
36,337,1,1
36,101,1,1
36,371,1,1
36,982,1,1
36,67,1,1
36,165,4,1
36,198,2,1
36,129,1,1
36,825,1,1
36,17,3,1
36,2,7,1
36,435,2,1
36,677,2,1
36,495,2,1
36,147,1,1
36,1670,1,1
36,710,1,1
36,1210,1,1
36,933,1,1
36,218,1,1
36,465,2,1
36,1612,1,1
36,14,4,1
36,49,2,1
36,24,2,1
36,1819,1,1
36,140,1,1
36,1255,1,1
36,181,1,1
36,502,1,1
36,79,1,1
36,23,9,1
36,355,1,1
36,553,1,1
36,253,1,1
36,1025,1,1
36,279,1,1
36,961,1,1
36,555,1,1
36,2212,1,1
36,1037,2,1
36,8,1,1
36,367,3,1
36,716,4,1
36,498,2,1
36,1484,1,1
36,37,1,1
36,372,2,1
36,43,1,1
36,270,1,1
36,5,19,1
36,538,1,1
36,63,5,1
36,2207,1,1
36,680,2,1
36,720,1,1
36,943,1,1
36,193,2,1
36,99,3,1
36,457,2,1
36,162,2,1
36,383,1,1
36,410,1,1
36,74,2,1
36,240,1,1
36,359,1,1
36,1168,1,1
36,108,1,1
36,1334,1,1
36,1122,1,1
36,1185,1,1
36,377,1,1
36,447,1,1
36,717,3,1
36,379,2,1
36,232,3,1
36,2149,1,1
36,10,4,1
36,1035,1,1
36,1362,2,1
36,1319,1,1
36,207,2,1
36,1391,2,1
36,266,2,1
36,1277,2,1
36,394,2,1
36,1056,1,1
36,1618,1,1
36,360,1,1
36,1094,2,1
36,514,1,1
36,931,1,1
36,1215,1,1
36,221,1,1
36,50,1,1
36,563,1,1
36,39,1,1
36,1424,1,1
36,1538,1,1
36,97,2,1
36,41,4,1
36,731,1,1
36,12,2,1
36,1076,1,1
36,1174,2,1
36,881,1,1
36,657,1,1
36,897,1,1
36,1554,4,1
36,312,2,1
36,56,2,1
36,2168,1,1
36,449,2,1
36,19,1,1
36,260,1,1
36,658,1,1
36,1204,1,1
36,309,1,1
36,1636,1,1
36,770,1,1
36,469,2,1
36,315,1,1
36,353,1,1
36,1,10,1
36,116,5,1
36,338,1,1
36,141,1,1
36,30,1,1
36,2038,1,1
36,570,2,1
36,761,1,1
36,1504,1,1
36,252,1,1
36,286,1,1
36,40,9,1
36,134,2,1
36,192,1,1
36,250,2,1
36,1337,1,1
36,59,1,1
36,308,2,1
36,496,2,1
36,150,4,1
36,271,1,1
36,245,2,1
36,607,1,1
36,1112,1,1
36,543,1,1
36,22,5,1
36,158,2,1
36,363,1,1
36,900,1,1
36,46,5,1
36,318,2,1
36,13,1,1
36,105,1,1
36,301,2,1
36,6,2,1
36,694,1,1
36,3,8,1
36,36,11,1
36,183,2,1
36,9,4,1
36,146,1,1
36,51,3,1
36,472,3,1
36,38,3,1
36,1985,1,1
36,296,2,1
36,528,1,1
36,171,1,1
37,127,3,1
37,90,5,1
37,276,4,1
37,1801,1,1
37,71,3,1
37,565,1,1
37,1831,1,1
37,331,3,1
37,560,1,1
37,937,3,1
37,891,4,1
37,580,1,1
37,767,1,1
37,730,2,1
37,16,2,1
37,2070,1,1
37,84,2,1
37,2173,1,1
37,194,1,1
37,57,1,1
37,463,1,1
37,259,2,1
37,368,5,1
37,424,1,1
37,220,1,1
37,454,1,1
37,163,3,1
37,1806,1,1
37,722,1,1
37,89,3,1
37,849,1,1
37,11,9,1
37,934,3,1
37,208,1,1
37,665,3,1
37,1244,9,1
37,93,3,1
37,865,1,1
37,948,1,1
37,350,2,1
37,114,1,1
37,442,1,1
37,199,2,1
37,226,3,1
37,58,1,1
37,15,4,1
37,337,2,1
37,73,1,1
37,101,9,1
37,1116,1,1
37,67,3,1
37,139,10,1
37,1589,1,1
37,198,3,1
37,917,1,1
37,585,2,1
37,727,1,1
37,495,3,1
37,739,1,1
37,1670,1,1
37,662,1,1
37,280,4,1
37,418,2,1
37,933,1,1
37,1954,4,1
37,168,1,1
37,1881,1,1
37,249,2,1
37,465,1,1
37,135,1,1
37,14,2,1
37,819,1,1
37,145,2,1
37,789,1,1
37,834,1,1
37,24,3,1
37,2046,1,1
37,140,1,1
37,285,1,1
37,2052,1,1
37,104,7,1
37,181,2,1
37,234,1,1
37,385,2,1
37,314,1,1
37,1216,3,1
37,1635,1,1
37,154,1,1
37,23,3,1
37,479,1,1
37,747,2,1
37,553,1,1
37,1667,1,1
37,326,1,1
37,1563,3,1
37,2212,1,1
37,1037,4,1
37,1048,1,1
37,1821,1,1
37,37,6,1
37,1000,1,1
37,1717,1,1
37,1061,1,1
37,43,2,1
37,270,2,1
37,5,3,1
37,485,2,1
37,2340,4,1
37,2005,1,1
37,538,1,1
37,1839,1,1
37,288,1,1
37,193,2,1
37,943,2,1
37,460,1,1
37,119,3,1
37,162,2,1
37,780,2,1
37,433,1,1
37,2066,1,1
37,351,4,1
37,595,1,1
37,74,6,1
37,240,1,1
37,334,1,1
37,986,1,1
37,690,1,1
37,230,2,1
37,115,1,1
37,377,1,1
37,103,1,1
37,201,2,1
37,379,1,1
37,113,1,1
37,1536,1,1
37,1688,7,1
37,152,1,1
37,1139,2,1
37,1292,1,1
37,342,1,1
37,91,15,1
37,1747,1,1
37,1153,1,1
37,535,1,1
37,87,1,1
37,481,1,1
37,77,9,1
37,1458,1,1
37,214,1,1
37,1624,1,1
37,2287,1,1
37,541,1,1
37,1219,1,1
37,563,3,1
37,64,6,1
37,1424,2,1
37,97,13,1
37,417,1,1
37,1704,3,1
37,12,10,1
37,41,11,1
37,2344,2,1
37,52,6,1
37,881,1,1
37,688,2,1
37,657,1,1
37,312,1,1
37,302,3,1
37,370,1,1
37,1636,5,1
37,188,2,1
37,68,2,1
37,315,1,1
37,402,3,1
37,1,5,1
37,136,2,1
37,116,4,1
37,416,1,1
37,1197,1,1
37,144,4,1
37,338,1,1
37,380,1,1
37,300,2,1
37,965,2,1
37,25,3,1
37,286,1,1
37,120,2,1
37,83,1,1
37,484,2,1
37,1036,1,1
37,1253,1,1
37,896,2,1
37,1644,1,1
37,1196,1,1
37,1464,2,1
37,1517,4,1
37,217,1,1
37,1085,1,1
37,239,4,1
37,122,5,1
37,773,2,1
37,143,1,1
37,22,2,1
37,281,2,1
37,269,2,1
37,46,10,1
37,399,2,1
37,235,9,1
37,301,2,1
37,733,1,1
37,6,6,1
37,694,2,1
37,562,3,1
37,2268,1,1
37,36,5,1
37,213,2,1
37,1622,1,1
37,472,2,1
37,456,1,1
37,439,2,1
37,362,8,1
37,652,2,1
37,1062,3,1
37,975,1,1
37,791,1,1
37,2102,1,1
37,171,6,1
37,892,1,1
37,2199,1,1
37,955,1,1
37,942,1,1
37,386,6,1
37,1376,1,1
37,1457,1,1
37,200,2,1
37,366,1,1
37,125,1,1
37,1432,1,1
37,522,2,1
37,1930,1,1
37,44,1,1
37,587,1,1
37,1125,3,1
37,27,6,1
37,1007,2,1
37,1443,1,1
37,161,2,1
37,582,2,1
37,95,1,1
37,1646,1,1
37,1866,1,1
37,601,2,1
37,20,21,1
37,744,2,1
37,231,2,1
37,109,4,1
37,1310,1,1
37,1983,1,1
37,151,1,1
37,529,5,1
37,343,14,1
37,557,1,1
37,700,1,1
37,78,1,1
37,475,3,1
37,1380,1,1
37,413,1,1
37,857,1,1
37,2316,1,1
37,106,1,1
37,1743,1,1
37,1966,1,1
37,1096,2,1
37,2075,2,1
37,65,1,1
37,197,1,1
37,1242,1,1
37,138,1,1
37,2439,1,1
37,81,1,1
37,60,4,1
37,1245,1,1
37,459,3,1
37,792,1,1
37,656,6,1
37,289,1,1
37,165,8,1
37,2,3,1
37,17,2,1
37,911,1,1
37,771,3,1
37,435,1,1
37,2158,1,1
37,1274,1,1
37,884,1,1
37,110,5,1
37,1412,1,1
37,147,4,1
37,333,1,1
37,973,1,1
37,228,1,1
37,760,1,1
37,590,7,1
37,863,2,1
37,749,2,1
37,323,3,1
37,1291,1,1
37,112,1,1
37,345,2,1
37,319,9,1
37,545,1,1
37,224,1,1
37,187,1,1
37,516,15,1
37,646,1,1
37,756,1,1
37,669,7,1
37,79,1,1
37,121,1,1
37,639,2,1
37,352,1,1
37,344,5,1
37,494,10,1
37,2214,1,1
37,126,2,1
37,1034,1,1
37,426,2,1
37,251,1,1
37,542,1,1
37,369,1,1
37,253,1,1
37,2195,1,1
37,279,2,1
37,651,2,1
37,176,2,1
37,209,8,1
37,629,1,1
37,2243,1,1
37,256,1,1
37,2055,6,1
37,117,1,1
37,1587,1,1
37,63,2,1
37,7,8,1
37,2475,1,1
37,227,2,1
37,600,1,1
37,977,1,1
37,99,1,1
37,457,1,1
37,72,2,1
37,526,1,1
37,806,2,1
37,500,1,1
37,297,2,1
37,963,1,1
37,2022,2,1
37,918,1,1
37,182,3,1
37,1413,1,1
37,2179,3,1
37,108,8,1
37,1122,1,1
37,277,2,1
37,2416,2,1
37,1275,1,1
37,232,1,1
37,462,1,1
37,10,3,1
37,1856,1,1
37,1209,1,1
37,142,8,1
37,1651,1,1
37,263,5,1
37,632,1,1
37,48,2,1
37,958,1,1
37,133,6,1
37,290,1,1
37,304,1,1
37,2431,1,1
37,50,5,1
37,631,1,1
37,854,1,1
37,547,1,1
37,1988,2,1
37,1409,2,1
37,258,2,1
37,482,1,1
37,510,1,1
37,797,1,1
37,56,8,1
37,66,2,1
37,449,8,1
37,19,7,1
37,293,1,1
37,54,4,1
37,274,1,1
37,549,1,1
37,659,1,1
37,470,1,1
37,1326,1,1
37,469,1,1
37,682,1,1
37,353,1,1
37,166,1,1
37,575,2,1
37,375,2,1
37,30,1,1
37,570,1,1
37,909,1,1
37,1815,1,1
37,1039,1,1
37,788,1,1
37,1880,1,1
37,128,1,1
37,252,1,1
37,466,1,1
37,40,7,1
37,589,1,1
37,192,2,1
37,1115,1,1
37,687,1,1
37,1367,1,1
37,150,1,1
37,1702,1,1
37,1323,1,1
37,1038,3,1
37,53,1,1
37,1024,3,1
37,245,2,1
37,1913,1,1
37,267,2,1
37,2190,1,1
37,1134,1,1
37,318,1,1
37,13,2,1
37,1729,1,1
37,1426,1,1
37,257,1,1
37,473,1,1
37,925,1,1
37,85,30,1
37,185,1,1
37,3,15,1
37,809,1,1
37,332,3,1
37,9,3,1
37,408,1,1
37,38,1,1
37,1719,1,1
37,528,2,1
37,781,1,1
37,603,3,1
37,2341,1,1
37,945,1,1
37,242,2,1
38,90,1,1
38,560,1,1
38,1178,1,1
38,16,2,1
38,84,1,1
38,259,4,1
38,31,2,1
38,292,1,1
38,15,2,1
38,795,1,1
38,1080,1,1
38,124,2,1
38,1692,1,1
38,1717,1,1
38,115,2,1
38,201,1,1
38,1688,1,1
38,1319,1,1
38,342,1,1
38,2251,1,1
38,91,1,1
38,87,1,1
38,214,1,1
38,12,1,1
38,302,2,1
38,237,1,1
38,693,1,1
38,315,1,1
38,1,1,1
38,116,1,1
38,965,1,1
38,25,4,1
38,496,2,1
38,2347,1,1
38,239,2,1
38,22,1,1
38,733,1,1
38,51,1,1
38,362,1,1
38,1033,1,1
38,475,1,1
38,275,1,1
38,60,1,1
38,2,1,1
38,1482,1,1
38,829,1,1
38,345,1,1
38,1366,1,1
38,2060,1,1
38,126,2,1
38,253,1,1
38,651,1,1
38,956,1,1
38,80,1,1
38,99,1,1
38,1945,2,1
38,1988,2,1
38,449,1,1
38,19,1,1
38,788,2,1
38,403,2,1
38,1005,1,1
38,28,1,1
38,40,2,1
38,318,1,1
38,1064,2,1
38,925,1,1
38,9,1,1
38,408,3,1
39,1681,1,1
39,89,1,1
39,15,1,1
39,527,1,1
39,62,1,1
39,361,3,1
39,776,1,1
39,789,2,1
39,858,1,1
39,104,1,1
39,96,1,1
39,43,2,1
39,162,1,1
39,240,1,1
39,690,1,1
39,488,3,1
39,415,1,1
39,152,1,1
39,41,3,1
39,312,1,1
39,1534,1,1
39,1940,1,1
39,286,1,1
39,544,1,1
39,158,4,1
39,1968,1,1
39,296,1,1
39,445,1,1
39,18,1,1
39,587,1,1
39,400,1,1
39,20,2,1
39,151,1,1
39,441,1,1
39,65,1,1
39,1208,2,1
39,147,1,1
39,333,1,1
39,531,1,1
39,345,1,1
39,172,1,1
39,1052,1,1
39,282,2,1
39,238,1,1
39,256,1,1
39,2476,1,1
39,33,1,1
39,63,1,1
39,500,1,1
39,108,1,1
39,1431,1,1
39,232,3,1
39,1804,1,1
39,1005,1,1
39,28,3,1
39,40,1,1
39,421,4,1
40,90,1,1
40,805,1,1
40,220,1,1
40,316,1,1
40,611,1,1
40,904,1,1
40,211,1,1
40,15,1,1
40,153,1,1
40,62,1,1
40,198,1,1
40,280,1,1
40,471,1,1
40,465,1,1
40,96,1,1
40,950,1,1
40,686,1,1
40,119,2,1
40,690,2,1
40,740,1,1
40,115,2,1
40,1180,1,1
40,1997,1,1
40,379,1,1
40,415,1,1
40,444,1,1
40,563,1,1
40,12,1,1
40,1704,1,1
40,68,1,1
40,136,1,1
40,641,1,1
40,25,1,1
40,1775,1,1
40,773,1,1
40,205,1,1
40,22,1,1
40,878,2,1
40,235,1,1
40,213,2,1
40,1478,1,1
40,362,1,1
40,366,1,1
40,44,1,1
40,998,1,1
40,298,1,1
40,1019,1,1
40,441,3,1
40,2185,1,1
40,60,1,1
40,147,1,1
40,323,1,1
40,112,1,1
40,2111,1,1
40,262,1,1
40,251,2,1
40,2195,1,1
40,117,4,1
40,1284,1,1
40,7,1,1
40,26,1,1
40,600,1,1
40,179,1,1
40,500,2,1
40,255,1,1
40,10,1,1
40,142,1,1
40,514,1,1
40,2123,1,1
40,258,2,1
40,2219,1,1
40,1640,1,1
40,192,1,1
40,267,1,1
40,408,2,1
40,242,1,1
40,2341,1,1
41,32,1,1
41,90,1,1
41,71,1,1
41,16,1,1
41,163,1,1
41,11,2,1
41,1630,1,1
41,511,1,1
41,1244,1,1
41,865,1,1
41,58,3,1
41,15,1,1
41,431,1,1
41,73,1,1
41,101,1,1
41,198,2,1
41,825,1,1
41,727,1,1
41,783,1,1
41,249,1,1
41,14,1,1
41,285,1,1
41,1269,1,1
41,364,1,1
41,940,1,1
41,195,2,1
41,538,1,1
41,119,1,1
41,162,1,1
41,880,1,1
41,2322,2,1
41,115,1,1
41,377,1,1
41,447,1,1
41,201,1,1
41,1319,1,1
41,902,1,1
41,827,1,1
41,77,1,1
41,12,1,1
41,52,1,1
41,300,1,1
41,25,1,1
41,2065,1,1
41,496,1,1
41,239,1,1
41,42,1,1
41,205,1,1
41,1576,1,1
41,235,2,1
41,694,1,1
41,94,1,1
41,51,2,1
41,1677,1,1
41,2174,1,1
41,445,1,1
41,125,1,1
41,1541,1,1
41,44,2,1
41,746,1,1
41,1750,1,1
41,231,1,1
41,990,1,1
41,932,4,1
41,275,2,1
41,203,1,1
41,2081,1,1
41,432,1,1
41,2,1,1
41,17,1,1
41,814,1,1
41,973,1,1
41,228,1,1
41,112,1,1
41,69,1,1
41,191,2,1
41,545,1,1
41,172,1,1
41,251,1,1
41,253,1,1
41,7,1,1
41,26,1,1
41,227,1,1
41,72,1,1
41,297,1,1
41,92,1,1
41,717,1,1
41,10,2,1
41,514,1,1
41,50,1,1
41,476,1,1
41,712,1,1
41,406,1,1
41,54,1,1
41,70,1,1
41,1005,1,1
41,192,1,1
41,589,6,1
41,150,1,1
41,53,1,1
41,2247,1,1
41,597,1,1
41,146,1,1
41,9,2,1
41,164,1,1
42,559,2,1
42,127,1,1
42,32,8,1
42,276,1,1
42,90,1,1
42,71,1,1
42,118,1,1
42,565,2,1
42,102,1,1
42,2234,1,1
42,520,1,1
42,16,7,1
42,55,7,1
42,1020,1,1
42,2173,1,1
42,57,1,1
42,1273,1,1
42,424,1,1
42,368,1,1
42,1738,1,1
42,89,10,1
42,1021,2,1
42,31,10,1
42,11,4,1
42,1421,1,1
42,1454,2,1
42,292,1,1
42,1184,1,1
42,350,3,1
42,114,1,1
42,2203,1,1
42,211,3,1
42,684,1,1
42,15,1,1
42,382,1,1
42,73,1,1
42,62,1,1
42,139,1,1
42,389,2,1
42,129,2,1
42,825,1,1
42,2145,1,1
42,320,2,1
42,1080,2,1
42,674,2,1
42,992,1,1
42,249,1,1
42,218,1,1
42,706,1,1
42,168,6,1
42,184,1,1
42,14,6,1
42,970,1,1
42,894,1,1
42,24,3,1
42,2052,1,1
42,124,2,1
42,104,1,1
42,1308,2,1
42,181,2,1
42,234,1,1
42,594,1,1
42,307,1,1
42,23,1,1
42,1528,1,1
42,1667,1,1
42,37,10,1
42,43,1,1
42,621,1,1
42,943,1,1
42,119,2,1
42,521,2,1
42,780,1,1
42,1433,1,1
42,690,2,1
42,1168,1,1
42,115,2,1
42,1289,1,1
42,377,1,1
42,103,1,1
42,415,1,1
42,1680,1,1
42,719,1,1
42,113,8,1
42,152,1,1
42,189,3,1
42,827,2,1
42,1391,1,1
42,535,1,1
42,12,2,1
42,41,2,1
42,731,2,1
42,52,3,1
42,312,2,1
42,774,1,1
42,229,1,1
42,405,1,1
42,237,5,1
42,370,1,1
42,309,1,1
42,188,1,1
42,68,1,1
42,2059,2,1
42,875,1,1
42,315,2,1
42,567,1,1
42,1,14,1
42,116,1,1
42,416,1,1
42,2419,1,1
42,1258,1,1
42,616,1,1
42,300,1,1
42,25,7,1
42,1726,1,1
42,623,2,1
42,2382,1,1
42,281,1,1
42,269,3,1
42,46,3,1
42,6,1,1
42,997,1,1
42,94,3,1
42,213,1,1
42,51,2,1
42,1379,1,1
42,171,4,1
42,916,2,1
42,2496,1,1
42,407,1,1
42,366,1,1
42,27,1,1
42,161,2,1
42,298,1,1
42,744,1,1
42,20,1,1
42,231,1,1
42,633,2,1
42,2240,1,1
42,981,1,1
42,287,1,1
42,78,2,1
42,294,1,1
42,2171,1,1
42,65,3,1
42,138,1,1
42,81,1,1
42,1500,1,1
42,60,1,1
42,1414,1,1
42,321,1,1
42,86,1,1
42,284,4,1
42,903,1,1
42,1676,1,1
42,289,2,1
42,1388,1,1
42,165,1,1
42,17,3,1
42,2,20,1
42,401,1,1
42,808,1,1
42,1274,1,1
42,110,1,1
42,1709,1,1
42,228,1,1
42,760,2,1
42,1919,2,1
42,69,2,1
42,1470,1,1
42,1878,1,1
42,1456,2,1
42,223,1,1
42,1283,2,1
42,420,1,1
42,238,1,1
42,1137,1,1
42,1104,3,1
42,2224,1,1
42,448,1,1
42,372,1,1
42,810,1,1
42,170,1,1
42,1769,1,1
42,63,2,1
42,7,8,1
42,26,1,1
42,80,1,1
42,887,1,1
42,1875,1,1
42,457,1,1
42,1301,1,1
42,179,1,1
42,696,1,1
42,255,1,1
42,297,1,1
42,1251,1,1
42,1001,2,1
42,1192,1,1
42,556,1,1
42,1596,1,1
42,10,6,1
42,1338,1,1
42,1804,1,1
42,167,1,1
42,48,3,1
42,2484,1,1
42,2257,2,1
42,958,1,1
42,476,1,1
42,2459,2,1
42,56,2,1
42,19,2,1
42,70,2,1
42,470,1,1
42,322,1,1
42,1009,1,1
42,30,3,1
42,141,6,1
42,403,1,1
42,2048,1,1
42,134,1,1
42,75,1,1
42,1367,2,1
42,130,10,1
42,491,1,1
42,13,10,1
42,757,1,1
42,3,9,1
42,597,1,1
42,1156,1,1
42,9,2,1
42,1515,1,1
42,1600,2,1
42,832,1,1
43,32,1,1
43,71,1,1
43,102,1,1
43,16,1,1
43,233,1,1
43,424,1,1
43,316,1,1
43,1250,1,1
43,611,1,1
43,58,1,1
43,198,1,1
43,139,1,1
43,548,1,1
43,2020,1,1
43,280,2,1
43,168,1,1
43,202,2,1
43,184,1,1
43,14,1,1
43,24,1,1
43,385,1,1
43,23,3,1
43,37,2,1
43,270,1,1
43,686,1,1
43,195,2,1
43,5,2,1
43,21,1,1
43,680,1,1
43,723,1,1
43,433,1,1
43,240,2,1
43,447,2,1
43,1319,2,1
43,2039,1,1
43,91,1,1
43,1215,1,1
43,953,2,1
43,817,1,1
43,97,5,1
43,41,1,1
43,12,5,1
43,2139,1,1
43,309,1,1
43,1522,7,1
43,25,3,1
43,239,1,1
43,269,1,1
43,46,1,1
43,235,1,1
43,6,1,1
43,183,1,1
43,94,2,1
43,1103,2,1
43,568,1,1
43,265,1,1
43,44,1,1
43,1125,1,1
43,587,2,1
43,400,1,1
43,20,4,1
43,935,1,1
43,81,1,1
43,656,1,1
43,165,3,1
43,2,2,1
43,17,3,1
43,435,1,1
43,401,1,1
43,814,1,1
43,760,1,1
43,69,14,1
43,494,1,1
43,126,1,1
43,279,1,1
43,209,2,1
43,7,2,1
43,336,1,1
43,99,1,1
43,255,1,1
43,1200,2,1
43,108,1,1
43,277,3,1
43,1192,1,1
43,1770,1,1
43,671,2,1
43,207,1,1
43,167,1,1
43,991,1,1
43,510,1,1
43,530,1,1
43,2157,1,1
43,375,5,1
43,1088,7,1
43,30,1,1
43,2038,1,1
43,40,2,1
43,1163,2,1
43,1629,1,1
43,1256,1,1
43,267,1,1
43,3,2,1
43,809,1,1
43,9,1,1
44,102,1,1
44,2037,1,1
44,16,1,1
44,730,1,1
44,517,1,1
44,31,5,1
44,1244,1,1
44,1303,2,1
44,291,2,1
44,73,1,1
44,2006,1,1
44,389,1,1
44,14,1,1
44,285,2,1
44,1467,1,1
44,23,2,1
44,1003,5,1
44,1484,1,1
44,270,1,1
44,1460,1,1
44,586,1,1
44,244,1,1
44,74,1,1
44,334,1,1
44,488,1,1
44,1498,1,1
44,189,1,1
44,2039,1,1
44,87,1,1
44,41,1,1
44,12,3,1
44,1704,1,1
44,52,3,1
44,1636,1,1
44,25,2,1
44,1775,2,1
44,83,1,1
44,177,2,1
44,678,1,1
44,22,1,1
44,235,1,1
44,94,1,1
44,975,1,1
44,1129,1,1
44,1539,1,1
44,200,1,1
44,1018,1,1
44,1423,1,1
44,27,1,1
44,161,1,1
44,95,1,1
44,231,1,1
44,275,2,1
44,138,2,1
44,284,1,1
44,903,1,1
44,1388,1,1
44,17,1,1
44,2,3,1
44,708,1,1
44,884,1,1
44,1995,1,1
44,228,1,1
44,749,1,1
44,69,1,1
44,187,10,1
44,223,1,1
44,282,1,1
44,352,1,1
44,494,1,1
44,209,2,1
44,810,1,1
44,26,1,1
44,182,1,1
44,108,14,1
44,10,1,1
44,48,1,1
44,2178,1,1
44,766,4,1
44,449,1,1
44,70,3,1
44,141,2,1
44,2038,1,1
44,589,9,1
44,809,2,1
44,597,1,1
44,146,2,1
45,127,3,1
45,102,1,1
45,331,1,1
45,560,1,1
45,580,1,1
45,16,1,1
45,55,2,1
45,259,1,1
45,463,1,1
45,368,2,1
45,316,1,1
45,454,2,1
45,89,1,1
45,31,1,1
45,578,1,1
45,11,2,1
45,1421,1,1
45,1333,2,1
45,434,2,1
45,1207,7,1
45,350,4,1
45,114,2,1
45,226,1,1
45,429,2,1
45,382,1,1
45,73,3,1
45,76,2,1
45,571,2,1
45,129,2,1
45,1080,1,1
45,859,1,1
45,1772,1,1
45,471,1,1
45,168,2,1
45,202,2,1
45,622,2,1
45,249,2,1
45,14,5,1
45,776,1,1
45,24,1,1
45,834,1,1
45,234,2,1
45,502,1,1
45,594,2,1
45,23,1,1
45,364,1,1
45,96,2,1
45,486,1,1
45,1354,1,1
45,1003,1,1
45,509,1,1
45,555,1,1
45,37,2,1
45,43,3,1
45,270,2,1
45,21,1,1
45,680,1,1
45,288,2,1
45,2310,2,1
45,1645,1,1
45,521,1,1
45,180,1,1
45,880,1,1
45,1666,2,1
45,986,1,1
45,890,1,1
45,1168,1,1
45,61,7,1
45,115,1,1
45,377,1,1
45,1694,1,1
45,1653,2,1
45,113,6,1
45,1350,1,1
45,452,1,1
45,2330,7,1
45,936,1,1
45,862,1,1
45,1240,1,1
45,467,1,1
45,77,1,1
45,214,1,1
45,817,1,1
45,64,2,1
45,12,4,1
45,41,3,1
45,765,1,1
45,302,1,1
45,507,2,1
45,237,2,1
45,309,1,1
45,593,7,1
45,1522,1,1
45,1,20,1
45,2419,1,1
45,25,1,1
45,1439,1,1
45,2334,1,1
45,623,1,1
45,544,1,1
45,1526,1,1
45,122,1,1
45,22,1,1
45,46,3,1
45,301,1,1
45,6,1,1
45,51,4,1
45,169,1,1
45,132,1,1
45,398,3,1
45,2199,1,1
45,916,2,1
45,18,2,1
45,125,1,1
45,525,1,1
45,95,1,1
45,775,2,1
45,1866,1,1
45,20,1,1
45,109,1,1
45,529,1,1
45,1858,4,1
45,1838,1,1
45,1604,7,1
45,1019,1,1
45,397,1,1
45,157,1,1
45,197,1,1
45,203,1,1
45,284,1,1
45,165,1,1
45,17,3,1
45,2,16,1
45,2192,1,1
45,1412,1,1
45,82,1,1
45,110,2,1
45,147,1,1
45,339,1,1
45,228,3,1
45,863,1,1
45,829,1,1
45,69,1,1
45,191,1,1
45,613,2,1
45,446,5,1
45,282,1,1
45,1220,1,1
45,212,1,1
45,352,1,1
45,989,2,1
45,126,1,1
45,873,1,1
45,279,1,1
45,33,1,1
45,63,4,1
45,428,1,1
45,7,1,1
45,26,4,1
45,1860,1,1
45,977,1,1
45,99,1,1
45,72,2,1
45,264,2,1
45,255,2,1
45,790,1,1
45,1817,1,1
45,556,1,1
45,10,6,1
45,225,1,1
45,1262,2,1
45,207,1,1
45,142,2,1
45,394,1,1
45,2357,1,1
45,419,5,1
45,476,1,1
45,1583,1,1
45,406,1,1
45,1626,2,1
45,258,3,1
45,1422,1,1
45,449,1,1
45,19,2,1
45,54,1,1
45,274,1,1
45,70,1,1
45,166,11,1
45,30,6,1
45,2038,1,1
45,403,2,1
45,128,1,1
45,28,1,1
45,883,1,1
45,40,3,1
45,614,1,1
45,421,1,1
45,278,1,1
45,1702,1,1
45,245,2,1
45,826,1,1
45,461,2,1
45,13,8,1
45,105,2,1
45,85,1,1
45,3,4,1
45,597,1,1
45,1156,1,1
45,9,7,1
45,591,4,1
45,34,1,1
45,196,1,1
46,32,1,1
46,127,2,1
46,206,2,1
46,71,4,1
46,1831,1,1
46,580,1,1
46,16,3,1
46,84,1,1
46,424,1,1
46,368,1,1
46,316,1,1
46,454,8,1
46,163,3,1
46,11,1,1
46,93,2,1
46,291,1,1
46,1810,3,1
46,114,3,1
46,58,1,1
46,226,1,1
46,15,4,1
46,101,2,1
46,311,1,1
46,67,2,1
46,1962,1,1
46,139,1,1
46,418,1,1
46,957,2,1
46,1603,7,1
46,1177,1,1
46,145,1,1
46,234,1,1
46,307,1,1
46,1974,3,1
46,37,2,1
46,21,9,1
46,2176,1,1
46,193,1,1
46,2438,5,1
46,74,1,1
46,103,1,1
46,1694,2,1
46,1350,2,1
46,452,1,1
46,579,2,1
46,1336,1,1
46,39,4,1
46,2074,2,1
46,12,2,1
46,910,1,1
46,309,1,1
46,188,1,1
46,1,2,1
46,25,1,1
46,2270,2,1
46,1440,1,1
46,1253,1,1
46,1265,1,1
46,122,2,1
46,6,1,1
46,997,1,1
46,1497,1,1
46,36,1,1
46,94,1,1
46,362,1,1
46,1062,1,1
46,132,8,1
46,1234,2,1
46,18,7,1
46,400,2,1
46,78,2,1
46,990,1,1
46,138,1,1
46,1208,1,1
46,2439,1,1
46,137,1,1
46,321,1,1
46,823,1,1
46,17,2,1
46,401,1,1
46,845,1,1
46,110,1,1
46,82,2,1
46,69,1,1
46,191,1,1
46,172,1,1
46,588,1,1
46,262,1,1
46,126,1,1
46,238,1,1
46,251,1,1
46,577,1,1
46,1137,2,1
46,170,1,1
46,696,2,1
46,1817,2,1
46,92,2,1
46,1679,4,1
46,225,1,1
46,48,1,1
46,712,2,1
46,365,2,1
46,2021,1,1
46,30,1,1
46,403,2,1
46,128,1,1
46,252,1,1
46,699,1,1
46,2358,2,1
46,105,1,1
46,1100,1,1
46,38,1,1
46,1411,3,1
46,591,1,1
46,34,7,1
47,127,2,1
47,32,7,1
47,90,1,1
47,71,1,1
47,206,2,1
47,102,1,1
47,1831,1,1
47,520,1,1
47,891,2,1
47,16,3,1
47,55,5,1
47,1020,1,1
47,2173,1,1
47,84,1,1
47,233,1,1
47,57,3,1
47,424,1,1
47,368,2,1
47,316,1,1
47,1146,1,1
47,89,4,1
47,1021,2,1
47,31,1,1
47,11,8,1
47,93,2,1
47,2203,1,1
47,114,2,1
47,930,1,1
47,684,1,1
47,211,4,1
47,153,1,1
47,15,8,1
47,527,1,1
47,73,1,1
47,101,1,1
47,67,1,1
47,139,2,1
47,198,1,1
47,129,5,1
47,389,2,1
47,320,1,1
47,1080,1,1
47,1864,1,1
47,2086,1,1
47,249,2,1
47,168,2,1
47,184,2,1
47,14,6,1
47,970,1,1
47,24,5,1
47,2052,1,1
47,124,3,1
47,1429,1,1
47,1359,1,1
47,2041,1,1
47,1135,2,1
47,754,3,1
47,23,3,1
47,1528,1,1
47,1068,1,1
47,1445,1,1
47,1378,1,1
47,1037,1,1
47,37,2,1
47,940,3,1
47,43,6,1
47,485,1,1
47,2105,1,1
47,391,1,1
47,621,1,1
47,1706,1,1
47,21,2,1
47,680,1,1
47,288,1,1
47,119,2,1
47,521,2,1
47,162,1,1
47,74,2,1
47,334,1,1
47,986,1,1
47,488,3,1
47,61,4,1
47,115,1,1
47,377,1,1
47,103,1,1
47,415,1,1
47,423,1,1
47,113,6,1
47,152,2,1
47,189,3,1
47,827,1,1
47,91,1,1
47,1894,1,1
47,87,1,1
47,214,1,1
47,97,3,1
47,12,1,1
47,41,2,1
47,52,2,1
47,302,2,1
47,229,1,1
47,405,1,1
47,237,3,1
47,693,1,1
47,503,2,1
47,309,1,1
47,593,1,1
47,188,1,1
47,68,1,1
47,315,1,1
47,875,1,1
47,1,18,1
47,506,1,1
47,116,3,1
47,416,1,1
47,144,1,1
47,1347,1,1
47,616,4,1
47,25,1,1
47,804,1,1
47,484,1,1
47,1036,2,1
47,305,1,1
47,1726,1,1
47,623,2,1
47,496,1,1
47,281,1,1
47,158,1,1
47,22,2,1
47,46,5,1
47,235,1,1
47,301,1,1
47,6,8,1
47,94,3,1
47,51,2,1
47,317,2,1
47,296,1,1
47,975,1,1
47,2102,1,1
47,171,1,1
47,892,1,1
47,955,1,1
47,916,1,1
47,18,1,1
47,44,1,1
47,1125,1,1
47,27,2,1
47,161,3,1
47,534,1,1
47,744,1,1
47,20,2,1
47,231,3,1
47,633,2,1
47,1011,1,1
47,151,1,1
47,148,1,1
47,697,1,1
47,981,1,1
47,287,1,1
47,78,1,1
47,441,1,1
47,475,3,1
47,2316,2,1
47,769,1,1
47,106,2,1
47,203,1,1
47,137,1,1
47,60,1,1
47,284,2,1
47,86,5,1
47,903,1,1
47,371,2,1
47,1248,1,1
47,165,1,1
47,1495,1,1
47,17,3,1
47,2,11,1
47,401,4,1
47,1231,1,1
47,110,6,1
47,333,1,1
47,228,1,1
47,1919,1,1
47,2095,1,1
47,1763,1,1
47,69,2,1
47,191,1,1
47,172,1,1
47,1790,1,1
47,1878,2,1
47,588,1,1
47,516,4,1
47,79,1,1
47,1420,1,1
47,1956,1,1
47,126,1,1
47,238,3,1
47,577,2,1
47,1104,1,1
47,651,3,1
47,2408,2,1
47,1288,1,1
47,1575,1,1
47,372,2,1
47,1307,1,1
47,33,2,1
47,63,4,1
47,7,5,1
47,26,2,1
47,887,1,1
47,80,1,1
47,457,1,1
47,1301,1,1
47,696,1,1
47,963,3,1
47,297,2,1
47,1229,1,1
47,1001,2,1
47,92,5,1
47,1275,2,1
47,232,2,1
47,10,4,1
47,1338,1,1
47,207,1,1
47,330,1,1
47,632,1,1
47,167,2,1
47,48,3,1
47,360,1,1
47,1094,1,1
47,2321,1,1
47,258,2,1
47,510,1,1
47,56,2,1
47,19,4,1
47,293,1,1
47,274,1,1
47,365,1,1
47,549,1,1
47,70,2,1
47,470,1,1
47,839,1,1
47,322,1,1
47,1176,1,1
47,30,1,1
47,252,2,1
47,28,3,1
47,2048,1,1
47,134,3,1
47,250,2,1
47,303,1,1
47,614,1,1
47,59,1,1
47,1367,2,1
47,130,1,1
47,491,2,1
47,13,10,1
47,3,13,1
47,332,1,1
47,597,2,1
47,9,6,1
47,34,1,1
47,2135,1,1
47,242,1,1
48,32,3,1
48,118,1,1
48,71,1,1
48,959,1,1
48,850,4,1
48,16,1,1
48,2106,1,1
48,55,4,1
48,259,1,1
48,722,2,1
48,31,5,1
48,11,4,1
48,93,1,1
48,1207,2,1
48,2450,5,1
48,675,2,1
48,1233,1,1
48,15,1,1
48,1328,1,1
48,73,2,1
48,101,1,1
48,311,1,1
48,67,1,1
48,129,5,1
48,327,3,1
48,168,4,1
48,2468,3,1
48,14,3,1
48,145,2,1
48,49,2,1
48,2052,1,1
48,181,1,1
48,2057,6,1
48,1359,2,1
48,801,1,1
48,23,3,1
48,2088,1,1
48,159,1,1
48,2490,2,1
48,1563,1,1
48,160,1,1
48,509,1,1
48,555,1,1
48,37,5,1
48,1842,3,1
48,621,2,1
48,21,1,1
48,554,1,1
48,1602,1,1
48,119,2,1
48,521,2,1
48,1332,1,1
48,244,5,1
48,162,1,1
48,780,1,1
48,880,3,1
48,2438,1,1
48,351,3,1
48,2066,1,1
48,74,2,1
48,246,1,1
48,999,1,1
48,2227,1,1
48,488,1,1
48,189,2,1
48,1529,1,1
48,1350,1,1
48,91,1,1
48,266,1,1
48,579,2,1
48,87,6,1
48,481,4,1
48,508,1,1
48,12,1,1
48,41,1,1
48,52,1,1
48,765,1,1
48,229,2,1
48,507,6,1
48,405,1,1
48,237,10,1
48,503,3,1
48,309,5,1
48,188,1,1
48,68,2,1
48,638,1,1
48,1,10,1
48,300,2,1
48,25,5,1
48,83,1,1
48,1471,1,1
48,2065,1,1
48,623,2,1
48,678,2,1
48,301,1,1
48,1051,1,1
48,6,10,1
48,36,1,1
48,94,5,1
48,362,1,1
48,568,1,1
48,317,2,1
48,705,4,1
48,398,1,1
48,1677,1,1
48,2206,1,1
48,525,1,1
48,2338,2,1
48,27,2,1
48,161,2,1
48,190,1,1
48,1833,2,1
48,298,2,1
48,95,2,1
48,20,3,1
48,243,1,1
48,2017,6,1
48,1669,4,1
48,287,1,1
48,78,1,1
48,1927,1,1
48,138,1,1
48,60,1,1
48,823,3,1
48,903,1,1
48,371,1,1
48,165,1,1
48,289,2,1
48,2,3,1
48,17,6,1
48,845,1,1
48,2192,1,1
48,186,2,1
48,110,5,1
48,2238,3,1
48,228,1,1
48,590,1,1
48,69,5,1
48,191,1,1
48,1297,3,1
48,224,1,1
48,187,1,1
48,223,1,1
48,282,1,1
48,974,3,1
48,262,18,1
48,1420,2,1
48,126,3,1
48,238,6,1
48,426,1,1
48,636,1,1
48,369,1,1
48,253,2,1
48,1133,2,1
48,209,1,1
48,1288,1,1
48,428,2,1
48,7,6,1
48,336,6,1
48,72,1,1
48,821,3,1
48,179,1,1
48,383,10,1
48,277,2,1
48,1001,1,1
48,1212,1,1
48,938,2,1
48,1338,1,1
48,1081,1,1
48,360,3,1
48,50,1,1
48,476,2,1
48,406,1,1
48,1626,1,1
48,949,1,1
48,173,1,1
48,56,4,1
48,2276,1,1
48,449,1,1
48,658,3,1
48,70,7,1
48,30,3,1
48,946,3,1
48,128,2,1
48,252,1,1
48,1005,1,1
48,28,1,1
48,310,1,1
48,250,1,1
48,59,1,1
48,2498,1,1
48,1070,5,1
48,2336,4,1
48,864,1,1
48,13,2,1
48,105,2,1
48,3,15,1
48,597,1,1
48,9,4,1
48,38,1,1
48,745,1,1
49,32,1,1
49,90,1,1
49,206,1,1
49,2424,1,1
49,57,5,1
49,1625,1,1
49,442,1,1
49,15,1,1
49,1573,2,1
49,418,1,1
49,184,1,1
49,14,2,1
49,348,1,1
49,894,1,1
49,385,1,1
49,159,1,1
49,2045,1,1
49,270,2,1
49,2033,1,1
49,21,2,1
49,240,1,1
49,922,2,1
49,342,1,1
49,902,1,1
49,862,1,1
49,39,1,1
49,97,1,1
49,1451,1,1
49,1554,1,1
49,1636,2,1
49,68,1,1
49,1,1,1
49,1641,1,1
49,738,1,1
49,46,1,1
49,1968,1,1
49,51,1,1
49,18,2,1
49,313,1,1
49,981,1,1
49,165,1,1
49,729,1,1
49,2,1,1
49,82,1,1
49,333,1,1
49,760,1,1
49,531,1,1
49,1956,1,1
49,33,1,1
49,7,2,1
49,99,1,1
49,1251,1,1
49,232,1,1
49,843,1,1
49,1620,1,1
49,142,1,1
49,167,1,1
49,48,1,1
49,1132,1,1
49,1569,2,1
49,290,1,1
49,1583,1,1
49,530,1,1
49,19,1,1
49,250,1,1
49,1038,1,1
49,1492,1,1
49,245,2,1
49,626,1,1
49,461,1,1
49,105,1,1
49,2368,2,1
49,34,2,1
50,331,1,1
50,84,1,1
50,57,1,1
50,89,2,1
50,1421,1,1
50,378,1,1
50,382,3,1
50,795,1,1
50,139,1,1
50,2086,1,1
50,1954,1,1
50,465,1,1
50,104,1,1
50,2041,1,1
50,754,1,1
50,43,1,1
50,940,1,1
50,193,1,1
50,119,2,1
50,244,1,1
50,74,1,1
50,999,1,1
50,115,1,1
50,377,1,1
50,1401,1,1
50,2189,1,1
50,41,1,1
50,12,1,1
50,668,1,1
50,302,1,1
50,503,1,1
50,1636,1,1
50,188,2,1
50,734,1,1
50,1,2,1
50,144,4,1
50,616,1,1
50,25,2,1
50,281,2,1
50,6,4,1
50,94,1,1
50,51,1,1
50,265,1,1
50,169,1,1
50,44,1,1
50,20,1,1
50,1161,1,1
50,287,1,1
50,261,1,1
50,60,2,1
50,724,1,1
50,86,3,1
50,17,3,1
50,2,1,1
50,110,1,1
50,1154,1,1
50,224,2,1
50,1283,2,1
50,352,1,1
50,126,1,1
50,369,2,1
50,996,1,1
50,33,2,1
50,63,2,1
50,428,1,1
50,7,4,1
50,26,7,1
50,790,1,1
50,108,1,1
50,92,1,1
50,1001,2,1
50,414,1,1
50,1511,1,1
50,48,1,1
50,837,2,1
50,712,1,1
50,1781,1,1
50,322,1,1
50,403,1,1
50,134,2,1
50,156,2,1
50,1765,1,1
50,59,2,1
50,130,1,1
50,1713,1,1
50,13,1,1
50,1562,1,1
50,3,1,1
50,9,1,1
